timestamp, temperature.gpu, power.draw [W], clocks.current.sm [MHz], clocks_event_reasons.active, utilization.gpu [%], stage
2026/05/27 19:59:56.618, 44, 4.54, 208, 0x0000000000000000, 0, idle
2026/05/27 19:59:57.641, 45, 6.05, 1014, 0x0000000000000000, 0, plain#1
2026/05/27 19:59:58.641, 45, 10.87, 2411, 0x0000000000000000, 0, plain#1
2026/05/27 19:59:59.642, 45, 10.89, 2411, 0x0000000000000000, 0, plain#1
2026/05/27 20:00:00.642, 46, 10.90, 2411, 0x0000000000000000, 0, plain#1
2026/05/27 20:00:01.643, 46, 10.88, 2411, 0x0000000000000000, 0, plain#1
2026/05/27 20:00:02.643, 46, 10.97, 2411, 0x0000000000000000, 0, plain#1
2026/05/27 20:00:03.643, 46, 11.85, 2424, 0x0000000000000000, 31, plain#1
2026/05/27 20:00:04.644, 63, 85.25, 2502, 0x0000000000000000, 92, plain#1
2026/05/27 20:00:05.644, 64, 90.61, 2502, 0x0000000000000000, 96, plain#1
2026/05/27 20:00:06.645, 61, 87.48, 2496, 0x0000000000000000, 96, plain#1
2026/05/27 20:00:07.645, 59, 85.17, 2476, 0x0000000000000000, 96, plain#1
2026/05/27 20:00:08.646, 66, 90.78, 2483, 0x0000000000000000, 96, plain#1
2026/05/27 20:00:09.647, 63, 87.85, 2483, 0x0000000000000000, 96, plain#1
2026/05/27 20:00:10.647, 67, 89.16, 2483, 0x0000000000000000, 96, plain#1
2026/05/27 20:00:11.647, 67, 90.98, 2489, 0x0000000000000000, 96, plain#1
2026/05/27 20:00:12.648, 66, 87.83, 2489, 0x0000000000000000, 96, plain#1
2026/05/27 20:00:13.649, 59, 83.93, 2489, 0x0000000000000000, 96, plain#1
2026/05/27 20:00:14.649, 59, 43.64, 2535, 0x0000000000000000, 93, plain#1
2026/05/27 20:00:15.650, 59, 43.99, 2535, 0x0000000000000000, 93, plain#1
2026/05/27 20:00:16.650, 66, 77.58, 2476, 0x0000000000000000, 96, plain#1
2026/05/27 20:00:17.651, 69, 91.95, 2476, 0x0000000000000000, 96, plain#1
2026/05/27 20:00:18.651, 68, 90.45, 2463, 0x0000000000000000, 96, plain#1
2026/05/27 20:00:19.652, 68, 89.05, 2463, 0x0000000000000000, 96, plain#1
2026/05/27 20:00:20.652, 65, 90.81, 2463, 0x0000000000000000, 96, plain#1
2026/05/27 20:00:21.653, 72, 90.94, 2463, 0x0000000000000000, 96, plain#1
2026/05/27 20:00:22.653, 72, 91.38, 2476, 0x0000000000000000, 96, plain#1
2026/05/27 20:00:23.654, 72, 90.68, 2470, 0x0000000000000000, 96, plain#1
2026/05/27 20:00:24.655, 70, 89.93, 2470, 0x0000000000000000, 96, plain#1
2026/05/27 20:00:25.655, 68, 91.05, 2463, 0x0000000000000000, 96, plain#1
2026/05/27 20:00:26.656, 64, 62.40, 2515, 0x0000000000000000, 50, plain#1
2026/05/27 20:00:27.656, 63, 44.59, 2515, 0x0000000000000000, 93, plain#1
2026/05/27 20:00:28.657, 69, 54.81, 2496, 0x0000000000000000, 93, plain#1
2026/05/27 20:00:29.657, 74, 91.48, 2463, 0x0000000000000000, 96, plain#1
2026/05/27 20:00:30.658, 70, 92.24, 2470, 0x0000000000000000, 96, plain#1
2026/05/27 20:00:31.659, 73, 91.44, 2463, 0x0000000000000000, 96, plain#1
2026/05/27 20:00:32.659, 75, 91.17, 2457, 0x0000000000000000, 96, plain#1
2026/05/27 20:00:33.660, 76, 90.60, 2450, 0x0000000000000000, 96, plain#1
2026/05/27 20:00:34.660, 75, 91.23, 2450, 0x0000000000000000, 96, plain#1
2026/05/27 20:00:35.661, 74, 90.77, 2450, 0x0000000000000000, 96, plain#1
2026/05/27 20:00:36.661, 74, 90.49, 2450, 0x0000000000000000, 96, plain#1
2026/05/27 20:00:37.662, 71, 91.95, 2450, 0x0000000000000000, 96, plain#1
2026/05/27 20:00:38.662, 72, 92.03, 2450, 0x0000000000000000, 96, plain#1
2026/05/27 20:00:39.663, 74, 92.49, 2457, 0x0000000000000000, 96, plain#1
2026/05/27 20:00:40.664, 77, 91.72, 2457, 0x0000000000000000, 96, plain#1
2026/05/27 20:00:41.664, 72, 92.08, 2450, 0x0000000000000000, 96, plain#1
2026/05/27 20:00:42.665, 78, 91.88, 2450, 0x0000000000000000, 96, plain#1
2026/05/27 20:00:43.665, 78, 91.47, 2450, 0x0000000000000000, 96, plain#1
2026/05/27 20:00:44.665, 79, 91.60, 2444, 0x0000000000000000, 96, plain#1
2026/05/27 20:00:45.666, 79, 91.40, 2437, 0x0000000000000000, 96, plain#1
2026/05/27 20:00:46.666, 80, 91.51, 2444, 0x0000000000000000, 96, plain#1
2026/05/27 20:00:47.667, 80, 91.64, 2450, 0x0000000000000000, 96, plain#1
2026/05/27 20:00:48.668, 79, 90.76, 2437, 0x0000000000000000, 96, plain#1
2026/05/27 20:00:49.668, 68, 78.66, 2437, 0x0000000000000000, 96, plain#1
2026/05/27 20:00:50.669, 70, 47.11, 2515, 0x0000000000000000, 94, plain#1
2026/05/27 20:00:51.669, 70, 46.97, 2515, 0x0000000000000000, 93, plain#1
2026/05/27 20:00:52.670, 77, 79.12, 2457, 0x0000000000000000, 96, plain#1
2026/05/27 20:00:53.670, 78, 91.13, 2457, 0x0000000000000000, 96, plain#1
2026/05/27 20:00:54.671, 78, 91.01, 2437, 0x0000000000000000, 96, plain#1
2026/05/27 20:00:55.672, 79, 91.85, 2450, 0x0000000000000000, 96, plain#1
2026/05/27 20:00:56.672, 79, 92.44, 2450, 0x0000000000000000, 96, plain#1
2026/05/27 20:00:57.673, 80, 91.61, 2457, 0x0000000000000000, 96, plain#1
2026/05/27 20:00:58.673, 81, 90.61, 2444, 0x0000000000000000, 96, plain#1
2026/05/27 20:00:59.674, 81, 91.04, 2431, 0x0000000000000000, 96, plain#1
2026/05/27 20:01:00.674, 77, 92.10, 2444, 0x0000000000000020, 96, plain#1
2026/05/27 20:01:01.675, 82, 91.32, 2431, 0x0000000000000000, 96, plain#1
2026/05/27 20:01:02.675, 81, 90.88, 2437, 0x0000000000000000, 96, plain#1
2026/05/27 20:01:03.676, 83, 91.22, 2437, 0x0000000000000000, 96, plain#1
2026/05/27 20:01:04.676, 80, 91.52, 2444, 0x0000000000000000, 96, plain#1
2026/05/27 20:01:05.676, 77, 90.03, 2463, 0x0000000000000000, 96, plain#1
2026/05/27 20:01:06.677, 79, 91.89, 2444, 0x0000000000000000, 96, plain#1
2026/05/27 20:01:07.677, 81, 91.02, 2444, 0x0000000000000000, 96, plain#1
2026/05/27 20:01:08.677, 82, 91.29, 2437, 0x0000000000000000, 96, plain#1
2026/05/27 20:01:09.678, 83, 90.11, 2437, 0x0000000000000020, 96, plain#1
2026/05/27 20:01:10.679, 81, 91.43, 2431, 0x0000000000000000, 96, plain#1
2026/05/27 20:01:11.679, 84, 89.86, 2431, 0x0000000000000000, 96, plain#1
2026/05/27 20:01:12.680, 78, 91.82, 2431, 0x0000000000000048, 96, plain#1
2026/05/27 20:01:13.681, 78, 90.87, 2431, 0x0000000000000000, 96, plain#1
2026/05/27 20:01:14.682, 81, 91.21, 2444, 0x0000000000000000, 96, plain#1
2026/05/27 20:01:15.683, 83, 90.35, 2437, 0x0000000000000000, 96, plain#1
2026/05/27 20:01:16.683, 79, 90.63, 2431, 0x0000000000000000, 96, plain#1
2026/05/27 20:01:17.684, 83, 89.50, 2411, 0x0000000000000000, 96, plain#1
2026/05/27 20:01:18.685, 81, 88.40, 2431, 0x0000000000000000, 96, plain#1
2026/05/27 20:01:19.685, 83, 92.10, 2431, 0x0000000000000020, 96, plain#1
2026/05/27 20:01:20.686, 78, 89.54, 2372, 0x0000000000000000, 96, plain#1
2026/05/27 20:01:21.687, 79, 89.55, 2457, 0x0000000000000000, 96, plain#1
2026/05/27 20:01:22.687, 82, 89.64, 2444, 0x0000000000000000, 96, plain#1
2026/05/27 20:01:23.688, 84, 89.38, 2424, 0x0000000000000020, 96, plain#1
2026/05/27 20:01:24.688, 85, 89.36, 2431, 0x0000000000000000, 96, plain#1
2026/05/27 20:01:25.689, 83, 92.05, 2444, 0x0000000000000000, 96, plain#1
2026/05/27 20:01:26.690, 82, 89.59, 2457, 0x0000000000000000, 96, plain#1
2026/05/27 20:01:27.691, 85, 89.94, 2431, 0x0000000000000020, 96, plain#1
2026/05/27 20:01:28.692, 86, 88.02, 2431, 0x0000000000000000, 96, plain#1
2026/05/27 20:01:29.692, 80, 89.60, 2411, 0x0000000000000000, 96, plain#1
2026/05/27 20:01:30.693, 83, 92.34, 2437, 0x0000000000000020, 96, plain#1
2026/05/27 20:01:31.694, 83, 89.95, 2444, 0x0000000000000000, 96, plain#1
2026/05/27 20:01:32.695, 82, 89.65, 2450, 0x0000000000000000, 96, plain#1
2026/05/27 20:01:33.696, 83, 88.62, 2398, 0x0000000000000000, 96, plain#1
2026/05/27 20:01:34.696, 84, 89.17, 2418, 0x0000000000000000, 96, plain#1
2026/05/27 20:01:35.697, 83, 88.51, 2411, 0x0000000000000000, 96, plain#1
2026/05/27 20:01:36.697, 73, 79.67, 2437, 0x0000000000000000, 23, plain#1
2026/05/27 20:01:37.697, 76, 49.47, 2496, 0x0000000000000000, 94, plain#1
2026/05/27 20:01:38.698, 75, 49.02, 2496, 0x0000000000000000, 94, plain#1
2026/05/27 20:01:39.698, 70, 28.09, 2405, 0x0000000000000000, 5, plain#1
2026/05/27 20:01:40.699, 69, 16.22, 2411, 0x0000000000000000, 0, plain#2
2026/05/27 20:01:41.700, 68, 15.17, 2405, 0x0000000000000000, 0, plain#2
2026/05/27 20:01:42.701, 68, 15.00, 2405, 0x0000000000000000, 0, plain#2
2026/05/27 20:01:43.702, 67, 15.02, 2405, 0x0000000000000000, 0, plain#2
2026/05/27 20:01:44.702, 66, 14.76, 2405, 0x0000000000000000, 0, plain#2
2026/05/27 20:01:45.703, 66, 15.26, 2405, 0x0000000000000000, 24, plain#2
2026/05/27 20:01:46.704, 77, 69.86, 2463, 0x0000000000000000, 96, plain#2
2026/05/27 20:01:47.705, 77, 91.72, 2437, 0x0000000000000000, 96, plain#2
2026/05/27 20:01:48.706, 82, 90.60, 2437, 0x0000000000000000, 96, plain#2
2026/05/27 20:01:49.706, 80, 89.96, 2431, 0x0000000000000000, 96, plain#2
2026/05/27 20:01:50.707, 76, 91.38, 2444, 0x0000000000000000, 96, plain#2
2026/05/27 20:01:51.708, 80, 91.34, 2431, 0x0000000000000000, 96, plain#2
2026/05/27 20:01:52.708, 82, 91.50, 2444, 0x0000000000000000, 96, plain#2
2026/05/27 20:01:53.709, 80, 89.57, 2437, 0x0000000000000000, 96, plain#2
2026/05/27 20:01:54.710, 80, 89.75, 2437, 0x0000000000000000, 96, plain#2
2026/05/27 20:01:55.711, 79, 92.77, 2431, 0x0000000000000000, 96, plain#2
2026/05/27 20:01:56.712, 74, 59.99, 2496, 0x0000000000000000, 93, plain#2
2026/05/27 20:01:57.712, 74, 48.14, 2496, 0x0000000000000000, 94, plain#2
2026/05/27 20:01:58.713, 78, 61.60, 2476, 0x0000000000000000, 96, plain#2
2026/05/27 20:01:59.714, 83, 91.93, 2424, 0x0000000000000000, 96, plain#2
2026/05/27 20:02:00.715, 82, 91.78, 2424, 0x0000000000000000, 96, plain#2
2026/05/27 20:02:01.716, 81, 90.85, 2424, 0x0000000000000000, 96, plain#2
2026/05/27 20:02:02.716, 81, 92.02, 2411, 0x0000000000000000, 96, plain#2
2026/05/27 20:02:03.717, 81, 92.67, 2431, 0x0000000000000000, 96, plain#2
2026/05/27 20:02:04.718, 80, 91.14, 2437, 0x0000000000000000, 96, plain#2
2026/05/27 20:02:05.719, 79, 91.19, 2431, 0x0000000000000000, 96, plain#2
2026/05/27 20:02:06.719, 85, 89.50, 2405, 0x0000000000000000, 96, plain#2
2026/05/27 20:02:07.720, 86, 92.37, 2411, 0x0000000000000000, 96, plain#2
2026/05/27 20:02:08.721, 82, 91.88, 2424, 0x0000000000000020, 96, plain#2
2026/05/27 20:02:09.722, 75, 49.81, 2496, 0x0000000000000000, 94, plain#2
2026/05/27 20:02:10.722, 75, 48.56, 2496, 0x0000000000000000, 93, plain#2
2026/05/27 20:02:11.723, 84, 71.23, 2450, 0x0000000000000000, 96, plain#2
2026/05/27 20:02:12.724, 84, 88.48, 2437, 0x0000000000000000, 96, plain#2
2026/05/27 20:02:13.724, 83, 91.85, 2424, 0x0000000000000000, 96, plain#2
2026/05/27 20:02:14.725, 80, 90.92, 2424, 0x0000000000000000, 96, plain#2
2026/05/27 20:02:15.725, 79, 90.77, 2424, 0x0000000000000000, 96, plain#2
2026/05/27 20:02:16.726, 79, 91.18, 2431, 0x0000000000000000, 96, plain#2
2026/05/27 20:02:17.727, 82, 91.50, 2431, 0x0000000000000000, 96, plain#2
2026/05/27 20:02:18.727, 80, 90.16, 2418, 0x0000000000000000, 96, plain#2
2026/05/27 20:02:19.728, 79, 91.39, 2424, 0x0000000000000048, 96, plain#2
2026/05/27 20:02:20.728, 82, 91.54, 2424, 0x0000000000000000, 96, plain#2
2026/05/27 20:02:21.729, 82, 91.72, 2431, 0x0000000000000000, 96, plain#2
2026/05/27 20:02:22.730, 82, 91.38, 2444, 0x0000000000000000, 96, plain#2
2026/05/27 20:02:23.730, 82, 89.39, 2379, 0x0000000000000000, 96, plain#2
2026/05/27 20:02:24.731, 82, 89.92, 2444, 0x0000000000000020, 96, plain#2
2026/05/27 20:02:25.732, 82, 90.63, 2437, 0x0000000000000000, 96, plain#2
2026/05/27 20:02:26.733, 84, 92.25, 2437, 0x0000000000000000, 96, plain#2
2026/05/27 20:02:27.733, 84, 90.48, 2431, 0x0000000000000000, 96, plain#2
2026/05/27 20:02:28.734, 83, 91.61, 2431, 0x0000000000000000, 96, plain#2
2026/05/27 20:02:29.735, 82, 90.83, 2437, 0x0000000000000020, 96, plain#2
2026/05/27 20:02:30.735, 82, 90.60, 2424, 0x0000000000000000, 96, plain#2
2026/05/27 20:02:31.736, 86, 89.94, 2411, 0x0000000000000000, 96, plain#2
2026/05/27 20:02:32.737, 85, 87.69, 2431, 0x0000000000000000, 96, plain#2
2026/05/27 20:02:33.738, 75, 52.61, 2496, 0x0000000000000000, 93, plain#2
2026/05/27 20:02:34.738, 75, 48.51, 2496, 0x0000000000000000, 93, plain#2
2026/05/27 20:02:35.739, 82, 65.71, 2457, 0x0000000000000000, 96, plain#2
2026/05/27 20:02:36.740, 84, 91.28, 2437, 0x0000000000000000, 96, plain#2
2026/05/27 20:02:37.741, 79, 90.50, 2392, 0x0000000000000000, 96, plain#2
2026/05/27 20:02:38.741, 83, 89.53, 2450, 0x0000000000000000, 96, plain#2
2026/05/27 20:02:39.742, 80, 89.46, 2444, 0x0000000000000000, 96, plain#2
2026/05/27 20:02:40.743, 82, 90.78, 2437, 0x0000000000000000, 96, plain#2
2026/05/27 20:02:41.744, 82, 90.57, 2437, 0x0000000000000000, 96, plain#2
2026/05/27 20:02:42.745, 84, 91.22, 2437, 0x0000000000000000, 96, plain#2
2026/05/27 20:02:43.745, 79, 91.06, 2431, 0x0000000000000000, 96, plain#2
2026/05/27 20:02:44.746, 86, 90.60, 2431, 0x0000000000000000, 96, plain#2
2026/05/27 20:02:45.747, 85, 86.88, 2418, 0x0000000000000000, 96, plain#2
2026/05/27 20:02:46.748, 81, 91.45, 2431, 0x0000000000000000, 96, plain#2
2026/05/27 20:02:47.748, 78, 89.77, 2450, 0x0000000000000000, 96, plain#2
2026/05/27 20:02:48.749, 82, 90.06, 2444, 0x0000000000000000, 96, plain#2
2026/05/27 20:02:49.750, 85, 90.11, 2431, 0x0000000000000000, 96, plain#2
2026/05/27 20:02:50.751, 80, 90.77, 2431, 0x0000000000000020, 96, plain#2
2026/05/27 20:02:51.751, 79, 89.47, 2418, 0x0000000000000000, 96, plain#2
2026/05/27 20:02:52.752, 80, 90.44, 2431, 0x0000000000000000, 96, plain#2
2026/05/27 20:02:53.753, 82, 89.31, 2431, 0x0000000000000000, 96, plain#2
2026/05/27 20:02:54.753, 83, 91.11, 2444, 0x0000000000000020, 96, plain#2
2026/05/27 20:02:55.754, 84, 90.99, 2444, 0x0000000000000000, 96, plain#2
2026/05/27 20:02:56.755, 82, 89.31, 2457, 0x0000000000000000, 96, plain#2
2026/05/27 20:02:57.755, 84, 90.46, 2437, 0x0000000000000020, 96, plain#2
2026/05/27 20:02:58.756, 80, 86.94, 2431, 0x0000000000000020, 96, plain#2
2026/05/27 20:02:59.757, 84, 90.92, 2398, 0x0000000000000000, 96, plain#2
2026/05/27 20:03:00.758, 85, 90.13, 2450, 0x0000000000000000, 96, plain#2
2026/05/27 20:03:01.758, 83, 89.68, 2431, 0x0000000000000000, 96, plain#2
2026/05/27 20:03:02.759, 83, 90.10, 2437, 0x0000000000000020, 96, plain#2
2026/05/27 20:03:03.760, 86, 88.78, 2379, 0x0000000000000000, 96, plain#2
2026/05/27 20:03:04.761, 81, 90.73, 2424, 0x0000000000000000, 96, plain#2
2026/05/27 20:03:05.761, 83, 89.47, 2366, 0x0000000000000000, 96, plain#2
2026/05/27 20:03:06.762, 85, 87.82, 2424, 0x0000000000000000, 96, plain#2
2026/05/27 20:03:07.762, 80, 88.59, 2457, 0x0000000000000000, 96, plain#2
2026/05/27 20:03:08.763, 86, 91.05, 2437, 0x0000000000000000, 96, plain#2
2026/05/27 20:03:09.764, 80, 87.08, 2424, 0x0000000000000000, 96, plain#2
2026/05/27 20:03:10.765, 82, 91.29, 2444, 0x0000000000000000, 96, plain#2
2026/05/27 20:03:11.766, 80, 87.53, 2437, 0x0000000000000020, 96, plain#2
2026/05/27 20:03:12.766, 83, 89.42, 2424, 0x0000000000000000, 96, plain#2
2026/05/27 20:03:13.767, 85, 87.59, 2405, 0x0000000000000020, 96, plain#2
2026/05/27 20:03:14.768, 86, 88.94, 2392, 0x0000000000000048, 96, plain#2
2026/05/27 20:03:15.769, 82, 89.57, 2424, 0x0000000000000000, 96, plain#2
2026/05/27 20:03:16.770, 84, 88.45, 2424, 0x0000000000000000, 96, plain#2
2026/05/27 20:03:17.770, 82, 85.73, 2249, 0x0000000000000000, 96, plain#2
2026/05/27 20:03:18.771, 84, 89.58, 2444, 0x0000000000000000, 96, plain#2
2026/05/27 20:03:19.771, 82, 87.98, 2444, 0x0000000000000000, 96, plain#2
2026/05/27 20:03:20.772, 79, 88.37, 2411, 0x0000000000000000, 96, plain#2
2026/05/27 20:03:21.773, 76, 57.55, 2496, 0x0000000000000000, 94, plain#2
2026/05/27 20:03:22.773, 75, 49.22, 2496, 0x0000000000000000, 93, plain#2
2026/05/27 20:03:23.774, 71, 43.64, 2437, 0x0000000000000000, 3, plain#2
2026/05/27 20:03:24.774, 69, 16.28, 2405, 0x0000000000000000, 0, plain#3
2026/05/27 20:03:25.775, 68, 15.44, 2405, 0x0000000000000000, 0, plain#3
2026/05/27 20:03:26.776, 68, 15.01, 2405, 0x0000000000000000, 0, plain#3
2026/05/27 20:03:27.777, 67, 14.85, 2405, 0x0000000000000000, 0, plain#3
2026/05/27 20:03:28.777, 67, 15.09, 2405, 0x0000000000000000, 37, plain#3
2026/05/27 20:03:29.778, 80, 62.03, 2444, 0x0000000000000000, 96, plain#3
2026/05/27 20:03:30.779, 79, 91.00, 2444, 0x0000000000000000, 96, plain#3
2026/05/27 20:03:31.780, 79, 90.25, 2444, 0x0000000000000000, 96, plain#3
2026/05/27 20:03:32.781, 83, 92.13, 2437, 0x0000000000000000, 96, plain#3
2026/05/27 20:03:33.782, 80, 91.22, 2444, 0x0000000000000000, 96, plain#3
2026/05/27 20:03:34.782, 78, 89.67, 2444, 0x0000000000000000, 96, plain#3
2026/05/27 20:03:35.783, 84, 89.84, 2450, 0x0000000000000000, 96, plain#3
2026/05/27 20:03:36.784, 82, 91.53, 2431, 0x0000000000000004, 96, plain#3
2026/05/27 20:03:37.784, 82, 92.31, 2437, 0x0000000000000020, 96, plain#3
2026/05/27 20:03:38.786, 81, 91.72, 2444, 0x0000000000000000, 96, plain#3
2026/05/27 20:03:39.787, 74, 66.29, 2496, 0x0000000000000000, 94, plain#3
2026/05/27 20:03:40.787, 74, 47.91, 2496, 0x0000000000000000, 93, plain#3
2026/05/27 20:03:41.788, 81, 55.20, 2470, 0x0000000000000000, 96, plain#3
2026/05/27 20:03:42.789, 78, 91.72, 2418, 0x0000000000000000, 96, plain#3
2026/05/27 20:03:43.790, 78, 90.99, 2431, 0x0000000000000000, 96, plain#3
2026/05/27 20:03:44.791, 81, 91.85, 2418, 0x0000000000000000, 96, plain#3
2026/05/27 20:03:45.792, 82, 90.52, 2424, 0x0000000000000000, 96, plain#3
2026/05/27 20:03:46.792, 84, 91.74, 2431, 0x0000000000000000, 96, plain#3
2026/05/27 20:03:47.792, 85, 91.76, 2424, 0x0000000000000000, 96, plain#3
2026/05/27 20:03:48.793, 84, 90.17, 2405, 0x0000000000000000, 96, plain#3
2026/05/27 20:03:49.794, 82, 91.59, 2411, 0x0000000000000000, 96, plain#3
2026/05/27 20:03:50.795, 82, 90.80, 2418, 0x0000000000000020, 96, plain#3
2026/05/27 20:03:51.796, 82, 87.46, 2437, 0x0000000000000000, 96, plain#3
2026/05/27 20:03:52.797, 76, 58.51, 2496, 0x0000000000000000, 93, plain#3
2026/05/27 20:03:53.798, 75, 48.81, 2496, 0x0000000000000000, 93, plain#3
2026/05/27 20:03:54.799, 84, 62.67, 2431, 0x0000000000000000, 96, plain#3
2026/05/27 20:03:55.800, 84, 90.30, 2418, 0x0000000000000000, 96, plain#3
2026/05/27 20:03:56.800, 84, 91.43, 2411, 0x0000000000000000, 96, plain#3
2026/05/27 20:03:57.801, 85, 90.06, 2431, 0x0000000000000020, 96, plain#3
2026/05/27 20:03:58.802, 84, 89.33, 2418, 0x0000000000000020, 96, plain#3
2026/05/27 20:03:59.803, 83, 86.61, 2372, 0x0000000000000000, 96, plain#3
2026/05/27 20:04:00.803, 86, 90.52, 2405, 0x0000000000000000, 96, plain#3
2026/05/27 20:04:01.804, 82, 88.29, 2424, 0x0000000000000000, 96, plain#3
2026/05/27 20:04:02.805, 81, 88.95, 2431, 0x0000000000000000, 96, plain#3
2026/05/27 20:04:03.805, 84, 88.74, 2216, 0x0000000000000000, 96, plain#3
2026/05/27 20:04:04.806, 83, 85.07, 2424, 0x0000000000000020, 96, plain#3
2026/05/27 20:04:05.807, 83, 87.36, 2405, 0x0000000000000000, 96, plain#3
2026/05/27 20:04:06.807, 84, 90.71, 2431, 0x0000000000000000, 96, plain#3
2026/05/27 20:04:07.807, 84, 89.75, 2424, 0x0000000000000000, 96, plain#3
2026/05/27 20:04:08.808, 83, 84.04, 2314, 0x0000000000000020, 96, plain#3
2026/05/27 20:04:09.809, 85, 85.07, 2424, 0x0000000000000000, 96, plain#3
2026/05/27 20:04:10.809, 86, 89.08, 2411, 0x0000000000000000, 96, plain#3
2026/05/27 20:04:11.810, 84, 84.57, 2418, 0x0000000000000000, 96, plain#3
2026/05/27 20:04:12.811, 85, 85.02, 2236, 0x0000000000000020, 96, plain#3
2026/05/27 20:04:13.812, 86, 87.58, 2431, 0x0000000000000020, 96, plain#3
2026/05/27 20:04:14.813, 77, 83.56, 2268, 0x0000000000000000, 96, plain#3
2026/05/27 20:04:15.814, 84, 87.72, 2411, 0x0000000000000048, 96, plain#3
2026/05/27 20:04:16.814, 77, 71.94, 2457, 0x0000000000000000, 94, plain#3
2026/05/27 20:04:17.815, 76, 49.61, 2496, 0x0000000000000000, 93, plain#3
2026/05/27 20:04:18.816, 76, 49.45, 2496, 0x0000000000000000, 94, plain#3
2026/05/27 20:04:19.816, 84, 84.41, 2411, 0x0000000000000000, 96, plain#3
2026/05/27 20:04:20.817, 81, 88.54, 2424, 0x0000000000000000, 96, plain#3
2026/05/27 20:04:21.818, 81, 89.18, 2418, 0x0000000000000000, 96, plain#3
2026/05/27 20:04:22.818, 82, 90.61, 2418, 0x0000000000000000, 96, plain#3
2026/05/27 20:04:23.819, 83, 87.84, 2411, 0x0000000000000000, 96, plain#3
2026/05/27 20:04:24.820, 86, 90.37, 2437, 0x0000000000000000, 96, plain#3
2026/05/27 20:04:25.821, 80, 87.91, 2444, 0x0000000000000000, 96, plain#3
2026/05/27 20:04:26.822, 86, 88.29, 2431, 0x0000000000000000, 96, plain#3
2026/05/27 20:04:27.822, 80, 87.29, 2437, 0x0000000000000000, 96, plain#3
2026/05/27 20:04:28.823, 82, 87.15, 2398, 0x0000000000000020, 96, plain#3
2026/05/27 20:04:29.824, 84, 88.81, 2398, 0x0000000000000000, 96, plain#3
2026/05/27 20:04:30.825, 85, 90.01, 2444, 0x0000000000000000, 96, plain#3
2026/05/27 20:04:31.825, 83, 85.56, 2431, 0x0000000000000000, 96, plain#3
2026/05/27 20:04:32.826, 83, 90.81, 2431, 0x0000000000000048, 96, plain#3
2026/05/27 20:04:33.827, 81, 91.42, 2424, 0x0000000000000000, 96, plain#3
2026/05/27 20:04:34.827, 85, 88.70, 2392, 0x0000000000000020, 96, plain#3
2026/05/27 20:04:35.828, 83, 85.31, 2385, 0x0000000000000000, 96, plain#3
2026/05/27 20:04:36.829, 81, 88.19, 2411, 0x0000000000000000, 96, plain#3
2026/05/27 20:04:37.829, 83, 90.57, 2431, 0x0000000000000020, 96, plain#3
2026/05/27 20:04:38.830, 77, 85.40, 2177, 0x0000000000000020, 96, plain#3
2026/05/27 20:04:39.831, 86, 90.12, 2418, 0x0000000000000000, 96, plain#3
2026/05/27 20:04:40.832, 79, 86.53, 2366, 0x0000000000000020, 96, plain#3
2026/05/27 20:04:41.832, 83, 89.10, 2392, 0x0000000000000020, 96, plain#3
2026/05/27 20:04:42.833, 81, 86.28, 2236, 0x0000000000000020, 96, plain#3
2026/05/27 20:04:43.834, 85, 87.29, 2437, 0x0000000000000000, 96, plain#3
2026/05/27 20:04:44.835, 81, 84.36, 2346, 0x0000000000000020, 96, plain#3
2026/05/27 20:04:45.836, 85, 87.35, 2418, 0x0000000000000000, 96, plain#3
2026/05/27 20:04:46.836, 84, 86.89, 2411, 0x0000000000000000, 96, plain#3
2026/05/27 20:04:47.837, 86, 88.18, 2444, 0x0000000000000020, 96, plain#3
2026/05/27 20:04:48.838, 86, 86.47, 2431, 0x0000000000000000, 96, plain#3
2026/05/27 20:04:49.839, 83, 86.65, 2424, 0x0000000000000020, 96, plain#3
2026/05/27 20:04:50.840, 86, 87.70, 2431, 0x0000000000000000, 96, plain#3
2026/05/27 20:04:51.840, 81, 84.64, 2171, 0x0000000000000000, 96, plain#3
2026/05/27 20:04:52.841, 85, 87.20, 2444, 0x0000000000000000, 96, plain#3
2026/05/27 20:04:53.842, 84, 90.48, 2418, 0x0000000000000000, 96, plain#3
2026/05/27 20:04:54.843, 83, 85.84, 2379, 0x0000000000000000, 96, plain#3
2026/05/27 20:04:55.844, 85, 86.47, 2411, 0x0000000000000020, 96, plain#3
2026/05/27 20:04:56.845, 83, 85.84, 2437, 0x0000000000000000, 96, plain#3
2026/05/27 20:04:57.845, 84, 88.14, 2431, 0x0000000000000000, 96, plain#3
2026/05/27 20:04:58.846, 80, 86.34, 2424, 0x0000000000000000, 96, plain#3
2026/05/27 20:04:59.847, 84, 86.23, 2223, 0x0000000000000000, 96, plain#3
2026/05/27 20:05:00.848, 83, 87.77, 2444, 0x0000000000000000, 96, plain#3
2026/05/27 20:05:01.848, 81, 88.16, 2424, 0x0000000000000000, 96, plain#3
2026/05/27 20:05:02.849, 85, 89.80, 2411, 0x0000000000000020, 96, plain#3
2026/05/27 20:05:03.849, 84, 87.41, 2431, 0x0000000000000048, 96, plain#3
2026/05/27 20:05:04.850, 86, 87.76, 2437, 0x0000000000000000, 96, plain#3
2026/05/27 20:05:05.851, 77, 68.83, 2476, 0x0000000000000000, 94, plain#3
2026/05/27 20:05:06.851, 76, 49.64, 2496, 0x0000000000000000, 94, plain#3
2026/05/27 20:05:07.852, 76, 49.87, 2496, 0x0000000000000000, 94, plain#3
2026/05/27 20:05:08.852, 71, 23.74, 2405, 0x0000000000000000, 8, plain#3
2026/05/27 20:05:09.853, 70, 16.35, 2405, 0x0000000000000000, 0, mtp-greedy#1
2026/05/27 20:05:10.853, 69, 15.46, 2405, 0x0000000000000000, 0, mtp-greedy#1
2026/05/27 20:05:11.854, 68, 15.41, 2405, 0x0000000000000000, 0, mtp-greedy#1
2026/05/27 20:05:12.855, 68, 15.12, 2405, 0x0000000000000000, 0, mtp-greedy#1
2026/05/27 20:05:13.855, 67, 15.11, 2405, 0x0000000000000000, 0, mtp-greedy#1
2026/05/27 20:05:14.856, 78, 34.30, 2463, 0x0000000000000000, 96, mtp-greedy#1
2026/05/27 20:05:15.857, 79, 91.09, 2437, 0x0000000000000000, 96, mtp-greedy#1
2026/05/27 20:05:16.857, 83, 92.58, 2444, 0x0000000000000000, 96, mtp-greedy#1
2026/05/27 20:05:17.858, 80, 91.02, 2444, 0x0000000000000000, 96, mtp-greedy#1
2026/05/27 20:05:18.859, 79, 90.43, 2444, 0x0000000000000000, 96, mtp-greedy#1
2026/05/27 20:05:19.860, 85, 92.23, 2444, 0x0000000000000000, 96, mtp-greedy#1
2026/05/27 20:05:20.860, 84, 92.47, 2437, 0x0000000000000000, 96, mtp-greedy#1
2026/05/27 20:05:21.861, 82, 90.71, 2431, 0x0000000000000020, 96, mtp-greedy#1
2026/05/27 20:05:22.862, 81, 89.86, 2431, 0x0000000000000000, 96, mtp-greedy#1
2026/05/27 20:05:23.863, 80, 89.17, 2424, 0x0000000000000000, 96, mtp-greedy#1
2026/05/27 20:05:24.864, 73, 84.51, 2405, 0x0000000000000000, 30, mtp-greedy#1
2026/05/27 20:05:25.865, 75, 47.47, 2496, 0x0000000000000000, 93, mtp-greedy#1
2026/05/27 20:05:26.865, 78, 68.55, 2437, 0x0000000000000048, 96, mtp-greedy#1
2026/05/27 20:05:27.866, 85, 91.09, 2437, 0x0000000000000000, 96, mtp-greedy#1
2026/05/27 20:05:28.866, 86, 90.01, 2437, 0x0000000000000000, 96, mtp-greedy#1
2026/05/27 20:05:29.867, 82, 91.20, 2431, 0x0000000000000000, 96, mtp-greedy#1
2026/05/27 20:05:30.868, 85, 91.14, 2431, 0x0000000000000020, 96, mtp-greedy#1
2026/05/27 20:05:31.869, 78, 89.92, 2418, 0x0000000000000020, 96, mtp-greedy#1
2026/05/27 20:05:32.870, 80, 90.91, 2405, 0x0000000000000020, 96, mtp-greedy#1
2026/05/27 20:05:33.870, 76, 86.80, 2151, 0x0000000000000020, 96, mtp-greedy#1
2026/05/27 20:05:34.871, 80, 91.71, 2431, 0x0000000000000000, 96, mtp-greedy#1
2026/05/27 20:05:35.872, 79, 88.04, 2242, 0x0000000000000004, 96, mtp-greedy#1
2026/05/27 20:05:36.872, 84, 89.69, 2424, 0x0000000000000020, 96, mtp-greedy#1
2026/05/27 20:05:37.873, 76, 50.77, 2496, 0x0000000000000000, 93, mtp-greedy#1
2026/05/27 20:05:38.874, 83, 60.05, 2457, 0x0000000000000000, 96, mtp-greedy#1
2026/05/27 20:05:39.875, 86, 89.58, 2424, 0x0000000000000000, 96, mtp-greedy#1
2026/05/27 20:05:40.876, 83, 85.29, 2236, 0x0000000000000020, 96, mtp-greedy#1
2026/05/27 20:05:41.876, 83, 87.65, 2424, 0x0000000000000000, 96, mtp-greedy#1
2026/05/27 20:05:42.877, 86, 85.62, 2229, 0x0000000000000000, 96, mtp-greedy#1
2026/05/27 20:05:43.878, 78, 82.51, 2268, 0x0000000000000000, 96, mtp-greedy#1
2026/05/27 20:05:44.878, 85, 87.67, 2437, 0x0000000000000048, 96, mtp-greedy#1
2026/05/27 20:05:45.879, 83, 87.54, 2444, 0x0000000000000000, 96, mtp-greedy#1
2026/05/27 20:05:46.880, 86, 84.48, 2437, 0x0000000000000020, 96, mtp-greedy#1
2026/05/27 20:05:47.880, 85, 85.39, 2431, 0x0000000000000000, 96, mtp-greedy#1
2026/05/27 20:05:48.881, 82, 84.90, 2320, 0x0000000000000000, 96, mtp-greedy#1
2026/05/27 20:05:49.882, 81, 83.97, 2268, 0x0000000000000020, 96, mtp-greedy#1
2026/05/27 20:05:50.882, 84, 86.01, 2418, 0x0000000000000020, 96, mtp-greedy#1
2026/05/27 20:05:51.883, 83, 83.98, 2307, 0x0000000000000020, 96, mtp-greedy#1
2026/05/27 20:05:52.884, 83, 85.17, 2249, 0x0000000000000000, 96, mtp-greedy#1
2026/05/27 20:05:53.885, 84, 83.71, 2262, 0x0000000000000000, 96, mtp-greedy#1
2026/05/27 20:05:54.886, 82, 83.27, 2398, 0x0000000000000020, 96, mtp-greedy#1
2026/05/27 20:05:55.887, 83, 87.53, 2457, 0x0000000000000048, 96, mtp-greedy#1
2026/05/27 20:05:56.887, 85, 82.09, 2385, 0x0000000000000020, 96, mtp-greedy#1
2026/05/27 20:05:57.888, 87, 82.79, 2431, 0x0000000000000000, 96, mtp-greedy#1
2026/05/27 20:05:58.889, 83, 79.60, 2294, 0x0000000000000020, 96, mtp-greedy#1
2026/05/27 20:05:59.889, 86, 83.47, 2236, 0x0000000000000020, 96, mtp-greedy#1
2026/05/27 20:06:00.890, 87, 82.05, 2379, 0x0000000000000000, 96, mtp-greedy#1
2026/05/27 20:06:01.891, 78, 69.56, 2444, 0x0000000000000000, 87, mtp-greedy#1
2026/05/27 20:06:02.892, 77, 48.85, 2496, 0x0000000000000000, 93, mtp-greedy#1
2026/05/27 20:06:03.893, 80, 66.76, 2346, 0x0000000000000048, 96, mtp-greedy#1
2026/05/27 20:06:04.893, 80, 82.63, 2314, 0x0000000000000020, 96, mtp-greedy#1
2026/05/27 20:06:05.894, 87, 87.10, 2405, 0x0000000000000000, 96, mtp-greedy#1
2026/05/27 20:06:06.894, 81, 83.27, 2236, 0x0000000000000000, 96, mtp-greedy#1
2026/05/27 20:06:07.895, 86, 84.05, 2379, 0x0000000000000020, 96, mtp-greedy#1
2026/05/27 20:06:08.896, 78, 83.38, 2255, 0x0000000000000004, 96, mtp-greedy#1
2026/05/27 20:06:09.897, 81, 86.32, 2450, 0x0000000000000000, 96, mtp-greedy#1
2026/05/27 20:06:10.898, 83, 83.29, 2444, 0x0000000000000000, 96, mtp-greedy#1
2026/05/27 20:06:11.898, 84, 84.10, 2385, 0x0000000000000000, 96, mtp-greedy#1
2026/05/27 20:06:12.899, 83, 84.44, 2327, 0x0000000000000020, 96, mtp-greedy#1
2026/05/27 20:06:13.900, 86, 80.60, 2424, 0x0000000000000000, 96, mtp-greedy#1
2026/05/27 20:06:14.901, 85, 81.05, 2431, 0x0000000000000048, 96, mtp-greedy#1
2026/05/27 20:06:15.901, 84, 88.02, 2242, 0x0000000000000048, 96, mtp-greedy#1
2026/05/27 20:06:16.902, 86, 86.06, 2424, 0x0000000000000020, 96, mtp-greedy#1
2026/05/27 20:06:17.903, 87, 85.39, 2424, 0x0000000000000000, 96, mtp-greedy#1
2026/05/27 20:06:18.904, 84, 87.18, 2431, 0x0000000000000000, 96, mtp-greedy#1
2026/05/27 20:06:19.904, 86, 83.48, 2444, 0x0000000000000020, 96, mtp-greedy#1
2026/05/27 20:06:20.904, 83, 82.73, 2249, 0x0000000000000020, 96, mtp-greedy#1
2026/05/27 20:06:21.905, 82, 85.53, 2294, 0x0000000000000020, 96, mtp-greedy#1
2026/05/27 20:06:22.906, 87, 84.95, 2418, 0x0000000000000000, 96, mtp-greedy#1
2026/05/27 20:06:23.907, 84, 85.66, 2437, 0x0000000000000020, 96, mtp-greedy#1
2026/05/27 20:06:24.907, 86, 86.23, 2450, 0x0000000000000048, 96, mtp-greedy#1
2026/05/27 20:06:25.908, 83, 81.57, 2210, 0x0000000000000068, 96, mtp-greedy#1
2026/05/27 20:06:26.909, 84, 85.85, 2320, 0x0000000000000020, 96, mtp-greedy#1
2026/05/27 20:06:27.909, 86, 84.42, 2424, 0x0000000000000000, 96, mtp-greedy#1
2026/05/27 20:06:28.910, 84, 82.01, 2138, 0x0000000000000000, 96, mtp-greedy#1
2026/05/27 20:06:29.911, 80, 83.71, 2366, 0x0000000000000020, 96, mtp-greedy#1
2026/05/27 20:06:30.912, 83, 86.17, 2385, 0x0000000000000000, 96, mtp-greedy#1
2026/05/27 20:06:31.913, 80, 85.78, 2418, 0x0000000000000020, 96, mtp-greedy#1
2026/05/27 20:06:32.913, 84, 81.71, 2314, 0x0000000000000048, 96, mtp-greedy#1
2026/05/27 20:06:33.914, 82, 85.70, 2431, 0x0000000000000068, 96, mtp-greedy#1
2026/05/27 20:06:34.915, 81, 85.94, 2424, 0x0000000000000048, 96, mtp-greedy#1
2026/05/27 20:06:35.915, 85, 85.23, 2418, 0x0000000000000020, 96, mtp-greedy#1
2026/05/27 20:06:36.916, 84, 82.72, 2255, 0x0000000000000068, 96, mtp-greedy#1
2026/05/27 20:06:37.917, 82, 85.36, 2275, 0x0000000000000020, 96, mtp-greedy#1
2026/05/27 20:06:38.917, 81, 84.46, 2411, 0x0000000000000000, 96, mtp-greedy#1
2026/05/27 20:06:39.918, 87, 84.19, 2164, 0x0000000000000020, 96, mtp-greedy#1
2026/05/27 20:06:40.919, 87, 81.90, 2418, 0x0000000000000000, 96, mtp-greedy#1
2026/05/27 20:06:41.920, 84, 87.52, 2405, 0x0000000000000000, 96, mtp-greedy#1
2026/05/27 20:06:42.921, 86, 83.38, 2450, 0x0000000000000000, 96, mtp-greedy#1
2026/05/27 20:06:43.923, 84, 83.55, 2379, 0x0000000000000020, 96, mtp-greedy#1
2026/05/27 20:06:44.923, 82, 84.27, 2437, 0x0000000000000000, 96, mtp-greedy#1
2026/05/27 20:06:45.924, 86, 88.15, 2379, 0x0000000000000000, 96, mtp-greedy#1
2026/05/27 20:06:46.925, 83, 82.33, 2268, 0x0000000000000020, 96, mtp-greedy#1
2026/05/27 20:06:47.925, 86, 80.99, 2275, 0x0000000000000000, 96, mtp-greedy#1
2026/05/27 20:06:48.926, 82, 86.53, 2398, 0x0000000000000000, 96, mtp-greedy#1
2026/05/27 20:06:49.926, 83, 84.09, 2281, 0x0000000000000000, 96, mtp-greedy#1
2026/05/27 20:06:50.927, 78, 80.59, 2242, 0x0000000000000020, 96, mtp-greedy#1
2026/05/27 20:06:51.928, 77, 70.50, 2463, 0x0000000000000000, 93, mtp-greedy#1
2026/05/27 20:06:52.928, 76, 48.45, 2496, 0x0000000000000000, 93, mtp-greedy#1
2026/05/27 20:06:53.929, 71, 29.35, 2405, 0x0000000000000000, 0, mtp-greedy#1
2026/05/27 20:06:54.930, 70, 16.67, 2405, 0x0000000000000000, 0, mtp-greedy#2
2026/05/27 20:06:55.931, 70, 15.53, 2405, 0x0000000000000000, 0, mtp-greedy#2
2026/05/27 20:06:56.932, 69, 15.40, 2405, 0x0000000000000000, 0, mtp-greedy#2
2026/05/27 20:06:57.932, 68, 15.26, 2405, 0x0000000000000000, 0, mtp-greedy#2
2026/05/27 20:06:58.933, 68, 15.50, 2405, 0x0000000000000000, 36, mtp-greedy#2
2026/05/27 20:06:59.935, 74, 55.08, 2450, 0x0000000000000000, 91, mtp-greedy#2
2026/05/27 20:07:00.936, 79, 91.97, 2437, 0x0000000000000000, 96, mtp-greedy#2
2026/05/27 20:07:01.936, 82, 90.91, 2431, 0x0000000000000000, 96, mtp-greedy#2
2026/05/27 20:07:02.937, 81, 90.61, 2431, 0x0000000000000000, 96, mtp-greedy#2
2026/05/27 20:07:03.938, 79, 90.42, 2424, 0x0000000000000000, 96, mtp-greedy#2
2026/05/27 20:07:04.939, 82, 92.15, 2444, 0x0000000000000000, 96, mtp-greedy#2
2026/05/27 20:07:05.940, 83, 90.81, 2431, 0x0000000000000000, 96, mtp-greedy#2
2026/05/27 20:07:06.940, 82, 90.26, 2437, 0x0000000000000000, 96, mtp-greedy#2
2026/05/27 20:07:07.941, 82, 91.02, 2437, 0x0000000000000000, 96, mtp-greedy#2
2026/05/27 20:07:08.941, 85, 88.08, 2437, 0x0000000000000000, 96, mtp-greedy#2
2026/05/27 20:07:09.941, 76, 72.78, 2489, 0x0000000000000000, 93, mtp-greedy#2
2026/05/27 20:07:10.942, 75, 47.62, 2496, 0x0000000000000000, 93, mtp-greedy#2
2026/05/27 20:07:11.943, 84, 81.78, 2424, 0x0000000000000000, 96, mtp-greedy#2
2026/05/27 20:07:12.944, 81, 92.22, 2431, 0x0000000000000000, 96, mtp-greedy#2
2026/05/27 20:07:13.945, 81, 89.37, 2353, 0x0000000000000000, 96, mtp-greedy#2
2026/05/27 20:07:14.945, 84, 90.45, 2418, 0x0000000000000004, 96, mtp-greedy#2
2026/05/27 20:07:15.946, 85, 86.68, 2424, 0x0000000000000004, 96, mtp-greedy#2
2026/05/27 20:07:16.947, 84, 87.29, 2398, 0x0000000000000000, 96, mtp-greedy#2
2026/05/27 20:07:17.948, 79, 87.31, 2372, 0x0000000000000000, 96, mtp-greedy#2
2026/05/27 20:07:18.949, 83, 85.71, 2418, 0x0000000000000000, 96, mtp-greedy#2
2026/05/27 20:07:19.949, 84, 88.88, 2398, 0x0000000000000000, 96, mtp-greedy#2
2026/05/27 20:07:20.950, 81, 87.28, 2411, 0x0000000000000000, 96, mtp-greedy#2
2026/05/27 20:07:21.951, 78, 80.01, 2379, 0x0000000000000000, 85, mtp-greedy#2
2026/05/27 20:07:22.952, 77, 47.55, 2496, 0x0000000000000000, 93, mtp-greedy#2
2026/05/27 20:07:23.952, 82, 67.51, 2431, 0x0000000000000000, 96, mtp-greedy#2
2026/05/27 20:07:24.953, 84, 86.25, 2424, 0x0000000000000000, 96, mtp-greedy#2
2026/05/27 20:07:25.954, 85, 83.00, 2346, 0x0000000000000000, 96, mtp-greedy#2
2026/05/27 20:07:26.955, 83, 85.41, 2268, 0x0000000000000048, 96, mtp-greedy#2
2026/05/27 20:07:27.955, 83, 85.25, 2281, 0x0000000000000020, 96, mtp-greedy#2
2026/05/27 20:07:28.956, 87, 85.83, 2275, 0x0000000000000000, 96, mtp-greedy#2
2026/05/27 20:07:29.957, 78, 82.01, 2171, 0x0000000000000020, 96, mtp-greedy#2
2026/05/27 20:07:30.958, 85, 84.16, 2359, 0x0000000000000000, 96, mtp-greedy#2
2026/05/27 20:07:31.959, 83, 85.02, 2398, 0x0000000000000000, 96, mtp-greedy#2
2026/05/27 20:07:32.959, 84, 83.76, 2437, 0x0000000000000000, 96, mtp-greedy#2
2026/05/27 20:07:33.960, 84, 86.13, 2359, 0x0000000000000020, 96, mtp-greedy#2
2026/05/27 20:07:34.961, 82, 84.67, 2385, 0x0000000000000048, 96, mtp-greedy#2
2026/05/27 20:07:35.961, 78, 85.38, 2268, 0x0000000000000004, 96, mtp-greedy#2
2026/05/27 20:07:36.962, 81, 86.46, 2431, 0x0000000000000000, 96, mtp-greedy#2
2026/05/27 20:07:37.963, 83, 87.06, 2424, 0x0000000000000020, 96, mtp-greedy#2
2026/05/27 20:07:38.964, 87, 84.07, 2444, 0x0000000000000000, 96, mtp-greedy#2
2026/05/27 20:07:39.964, 86, 85.83, 2431, 0x0000000000000000, 96, mtp-greedy#2
2026/05/27 20:07:40.965, 83, 81.46, 2262, 0x0000000000000020, 96, mtp-greedy#2
2026/05/27 20:07:41.966, 86, 88.12, 2281, 0x0000000000000000, 96, mtp-greedy#2
2026/05/27 20:07:42.966, 83, 85.52, 2418, 0x0000000000000020, 96, mtp-greedy#2
2026/05/27 20:07:43.967, 81, 86.09, 2431, 0x0000000000000000, 96, mtp-greedy#2
2026/05/27 20:07:44.968, 84, 86.04, 2424, 0x0000000000000000, 96, mtp-greedy#2
2026/05/27 20:07:45.969, 87, 84.41, 2437, 0x0000000000000000, 96, mtp-greedy#2
2026/05/27 20:07:46.969, 77, 55.13, 2496, 0x0000000000000000, 93, mtp-greedy#2
2026/05/27 20:07:47.970, 77, 48.61, 2496, 0x0000000000000000, 93, mtp-greedy#2
2026/05/27 20:07:48.971, 82, 82.61, 2405, 0x0000000000000000, 96, mtp-greedy#2
2026/05/27 20:07:49.972, 83, 87.90, 2320, 0x0000000000000000, 96, mtp-greedy#2
2026/05/27 20:07:50.973, 82, 84.34, 2431, 0x0000000000000020, 96, mtp-greedy#2
2026/05/27 20:07:51.973, 78, 85.13, 2242, 0x0000000000000020, 96, mtp-greedy#2
2026/05/27 20:07:52.974, 86, 85.81, 2418, 0x0000000000000000, 96, mtp-greedy#2
2026/05/27 20:07:53.975, 84, 87.50, 2424, 0x0000000000000000, 96, mtp-greedy#2
2026/05/27 20:07:54.976, 86, 88.38, 2444, 0x0000000000000020, 96, mtp-greedy#2
2026/05/27 20:07:55.977, 83, 86.13, 2431, 0x0000000000000000, 96, mtp-greedy#2
2026/05/27 20:07:56.977, 83, 83.55, 2249, 0x0000000000000020, 96, mtp-greedy#2
2026/05/27 20:07:57.978, 82, 84.58, 2301, 0x0000000000000020, 96, mtp-greedy#2
2026/05/27 20:07:58.979, 83, 82.44, 2418, 0x0000000000000000, 96, mtp-greedy#2
2026/05/27 20:07:59.980, 82, 88.57, 2418, 0x0000000000000000, 96, mtp-greedy#2
2026/05/27 20:08:00.980, 85, 86.71, 2398, 0x0000000000000020, 96, mtp-greedy#2
2026/05/27 20:08:01.981, 84, 85.03, 2411, 0x0000000000000020, 96, mtp-greedy#2
2026/05/27 20:08:02.982, 82, 86.54, 2431, 0x0000000000000000, 96, mtp-greedy#2
2026/05/27 20:08:03.982, 84, 87.23, 2431, 0x0000000000000000, 96, mtp-greedy#2
2026/05/27 20:08:04.983, 81, 88.36, 2437, 0x0000000000000000, 96, mtp-greedy#2
2026/05/27 20:08:05.983, 83, 83.78, 2223, 0x0000000000000020, 96, mtp-greedy#2
2026/05/27 20:08:06.984, 80, 82.16, 2210, 0x0000000000000004, 96, mtp-greedy#2
2026/05/27 20:08:07.984, 81, 82.85, 2411, 0x0000000000000000, 96, mtp-greedy#2
2026/05/27 20:08:08.985, 84, 86.71, 2444, 0x0000000000000000, 96, mtp-greedy#2
2026/05/27 20:08:09.986, 87, 82.26, 2229, 0x0000000000000000, 96, mtp-greedy#2
2026/05/27 20:08:10.986, 85, 85.21, 2197, 0x0000000000000020, 96, mtp-greedy#2
2026/05/27 20:08:11.987, 85, 86.91, 2398, 0x0000000000000000, 96, mtp-greedy#2
2026/05/27 20:08:12.987, 83, 84.82, 2314, 0x0000000000000000, 96, mtp-greedy#2
2026/05/27 20:08:13.987, 84, 84.74, 2392, 0x0000000000000020, 96, mtp-greedy#2
2026/05/27 20:08:14.988, 81, 83.75, 2431, 0x0000000000000048, 96, mtp-greedy#2
2026/05/27 20:08:15.989, 82, 83.11, 2288, 0x0000000000000020, 96, mtp-greedy#2
2026/05/27 20:08:16.990, 83, 83.01, 2372, 0x0000000000000000, 96, mtp-greedy#2
2026/05/27 20:08:17.990, 82, 83.97, 2294, 0x0000000000000020, 96, mtp-greedy#2
2026/05/27 20:08:18.991, 87, 85.76, 2366, 0x0000000000000000, 96, mtp-greedy#2
2026/05/27 20:08:19.992, 83, 86.91, 2431, 0x0000000000000020, 96, mtp-greedy#2
2026/05/27 20:08:20.993, 83, 75.45, 1644, 0x0000000000000000, 96, mtp-greedy#2
2026/05/27 20:08:21.994, 86, 85.11, 2249, 0x0000000000000004, 96, mtp-greedy#2
2026/05/27 20:08:22.995, 83, 84.94, 2405, 0x0000000000000048, 96, mtp-greedy#2
2026/05/27 20:08:23.995, 86, 82.28, 2424, 0x0000000000000000, 96, mtp-greedy#2
2026/05/27 20:08:24.996, 81, 84.26, 2398, 0x0000000000000000, 96, mtp-greedy#2
2026/05/27 20:08:25.996, 80, 83.93, 2418, 0x0000000000000000, 96, mtp-greedy#2
2026/05/27 20:08:26.997, 84, 81.38, 2379, 0x0000000000000020, 96, mtp-greedy#2
2026/05/27 20:08:27.998, 84, 82.88, 2424, 0x0000000000000000, 96, mtp-greedy#2
2026/05/27 20:08:28.999, 83, 86.27, 2444, 0x0000000000000020, 96, mtp-greedy#2
2026/05/27 20:08:30.000, 83, 82.33, 2249, 0x0000000000000020, 96, mtp-greedy#2
2026/05/27 20:08:31.000, 86, 79.08, 2281, 0x0000000000000000, 96, mtp-greedy#2
2026/05/27 20:08:32.001, 84, 86.08, 2398, 0x0000000000000020, 96, mtp-greedy#2
2026/05/27 20:08:33.002, 87, 84.62, 2314, 0x0000000000000048, 96, mtp-greedy#2
2026/05/27 20:08:34.002, 85, 84.11, 2249, 0x0000000000000020, 96, mtp-greedy#2
2026/05/27 20:08:35.003, 81, 82.71, 2431, 0x0000000000000004, 96, mtp-greedy#2
2026/05/27 20:08:36.003, 83, 83.60, 2450, 0x0000000000000000, 96, mtp-greedy#2
2026/05/27 20:08:37.004, 77, 56.02, 2496, 0x0000000000000000, 93, mtp-greedy#2
2026/05/27 20:08:38.004, 77, 48.24, 2496, 0x0000000000000000, 93, mtp-greedy#2
2026/05/27 20:08:39.005, 71, 19.67, 2411, 0x0000000000000000, 1, mtp-greedy#3
2026/05/27 20:08:40.006, 70, 16.50, 2405, 0x0000000000000000, 0, mtp-greedy#3
2026/05/27 20:08:41.006, 70, 15.42, 2405, 0x0000000000000000, 0, mtp-greedy#3
2026/05/27 20:08:42.006, 69, 15.17, 2405, 0x0000000000000000, 0, mtp-greedy#3
2026/05/27 20:08:43.007, 69, 15.26, 2405, 0x0000000000000000, 37, mtp-greedy#3
2026/05/27 20:08:44.008, 79, 54.29, 2457, 0x0000000000000000, 96, mtp-greedy#3
2026/05/27 20:08:45.009, 84, 91.40, 2444, 0x0000000000000000, 96, mtp-greedy#3
2026/05/27 20:08:46.010, 83, 92.17, 2431, 0x0000000000000000, 96, mtp-greedy#3
2026/05/27 20:08:47.011, 83, 90.38, 2444, 0x0000000000000000, 96, mtp-greedy#3
2026/05/27 20:08:48.012, 82, 90.34, 2437, 0x0000000000000000, 96, mtp-greedy#3
2026/05/27 20:08:49.013, 83, 91.63, 2431, 0x0000000000000000, 96, mtp-greedy#3
2026/05/27 20:08:50.014, 82, 89.25, 2418, 0x0000000000000020, 82, mtp-greedy#3
2026/05/27 20:08:51.014, 82, 90.69, 2431, 0x0000000000000000, 96, mtp-greedy#3
2026/05/27 20:08:52.015, 80, 89.60, 2424, 0x0000000000000000, 96, mtp-greedy#3
2026/05/27 20:08:53.016, 83, 90.69, 2437, 0x0000000000000000, 96, mtp-greedy#3
2026/05/27 20:08:54.016, 76, 73.17, 2463, 0x0000000000000000, 93, mtp-greedy#3
2026/05/27 20:08:55.017, 76, 47.50, 2496, 0x0000000000000000, 93, mtp-greedy#3
2026/05/27 20:08:56.018, 82, 80.08, 2431, 0x0000000000000000, 96, mtp-greedy#3
2026/05/27 20:08:57.018, 82, 87.45, 2437, 0x0000000000000000, 96, mtp-greedy#3
2026/05/27 20:08:58.018, 83, 85.35, 2333, 0x0000000000000000, 96, mtp-greedy#3
2026/05/27 20:08:59.018, 82, 90.95, 2437, 0x0000000000000000, 96, mtp-greedy#3
2026/05/27 20:09:00.019, 84, 87.32, 2210, 0x0000000000000000, 96, mtp-greedy#3
2026/05/27 20:09:01.020, 85, 85.79, 2379, 0x0000000000000000, 96, mtp-greedy#3
2026/05/27 20:09:02.020, 81, 86.08, 2359, 0x0000000000000000, 96, mtp-greedy#3
2026/05/27 20:09:03.021, 84, 88.56, 2405, 0x0000000000000000, 96, mtp-greedy#3
2026/05/27 20:09:04.022, 83, 82.98, 1813, 0x0000000000000000, 96, mtp-greedy#3
2026/05/27 20:09:05.022, 86, 86.39, 2275, 0x0000000000000020, 96, mtp-greedy#3
2026/05/27 20:09:06.023, 82, 83.40, 2275, 0x0000000000000020, 96, mtp-greedy#3
2026/05/27 20:09:07.024, 77, 50.68, 2496, 0x0000000000000000, 93, mtp-greedy#3
2026/05/27 20:09:08.024, 86, 61.33, 2450, 0x0000000000000000, 96, mtp-greedy#3
2026/05/27 20:09:09.025, 83, 85.23, 2184, 0x0000000000000000, 96, mtp-greedy#3
2026/05/27 20:09:10.025, 84, 86.73, 2242, 0x0000000000000000, 96, mtp-greedy#3
2026/05/27 20:09:11.026, 84, 84.62, 2294, 0x0000000000000004, 96, mtp-greedy#3
2026/05/27 20:09:12.027, 79, 88.05, 2444, 0x0000000000000048, 96, mtp-greedy#3
2026/05/27 20:09:13.027, 84, 85.08, 2431, 0x0000000000000020, 96, mtp-greedy#3
2026/05/27 20:09:14.028, 84, 82.17, 2236, 0x0000000000000000, 96, mtp-greedy#3
2026/05/27 20:09:15.028, 82, 82.43, 2067, 0x0000000000000000, 96, mtp-greedy#3
2026/05/27 20:09:16.029, 85, 80.53, 2138, 0x0000000000000020, 96, mtp-greedy#3
2026/05/27 20:09:17.030, 78, 78.78, 2327, 0x0000000000000020, 96, mtp-greedy#3
2026/05/27 20:09:18.031, 83, 82.14, 2437, 0x0000000000000000, 96, mtp-greedy#3
2026/05/27 20:09:19.031, 86, 83.79, 2385, 0x0000000000000020, 96, mtp-greedy#3
2026/05/27 20:09:20.032, 83, 79.42, 2359, 0x0000000000000020, 96, mtp-greedy#3
2026/05/27 20:09:21.033, 81, 80.53, 2431, 0x0000000000000020, 96, mtp-greedy#3
2026/05/27 20:09:22.034, 86, 84.37, 2372, 0x0000000000000020, 96, mtp-greedy#3
2026/05/27 20:09:23.034, 82, 83.90, 2210, 0x0000000000000020, 96, mtp-greedy#3
2026/05/27 20:09:24.035, 85, 86.03, 2210, 0x0000000000000000, 96, mtp-greedy#3
2026/05/27 20:09:25.036, 84, 82.81, 2288, 0x0000000000000020, 96, mtp-greedy#3
2026/05/27 20:09:26.037, 87, 83.33, 2366, 0x0000000000000000, 96, mtp-greedy#3
2026/05/27 20:09:27.038, 84, 88.42, 2457, 0x0000000000000000, 96, mtp-greedy#3
2026/05/27 20:09:28.039, 85, 80.43, 2281, 0x0000000000000020, 96, mtp-greedy#3
2026/05/27 20:09:29.039, 83, 83.89, 2255, 0x0000000000000000, 96, mtp-greedy#3
2026/05/27 20:09:30.039, 87, 86.74, 2294, 0x0000000000000004, 96, mtp-greedy#3
2026/05/27 20:09:31.040, 81, 84.85, 2411, 0x0000000000000004, 96, mtp-greedy#3
2026/05/27 20:09:32.041, 78, 52.04, 2496, 0x0000000000000000, 93, mtp-greedy#3
2026/05/27 20:09:33.042, 83, 56.31, 2470, 0x0000000000000000, 96, mtp-greedy#3
2026/05/27 20:09:34.043, 86, 83.10, 2359, 0x0000000000000020, 96, mtp-greedy#3
2026/05/27 20:09:35.044, 86, 81.88, 2411, 0x0000000000000000, 96, mtp-greedy#3
2026/05/27 20:09:36.045, 85, 84.82, 2431, 0x0000000000000000, 96, mtp-greedy#3
2026/05/27 20:09:37.045, 86, 85.00, 2268, 0x0000000000000000, 96, mtp-greedy#3
2026/05/27 20:09:38.046, 81, 84.53, 2268, 0x0000000000000000, 96, mtp-greedy#3
2026/05/27 20:09:39.047, 86, 86.78, 2281, 0x0000000000000020, 96, mtp-greedy#3
2026/05/27 20:09:40.048, 79, 84.75, 2431, 0x0000000000000000, 96, mtp-greedy#3
2026/05/27 20:09:41.048, 81, 86.35, 2431, 0x0000000000000000, 96, mtp-greedy#3
2026/05/27 20:09:42.049, 86, 81.37, 2366, 0x0000000000000020, 96, mtp-greedy#3
2026/05/27 20:09:43.050, 85, 83.70, 2281, 0x0000000000000000, 96, mtp-greedy#3
2026/05/27 20:09:44.051, 83, 84.44, 2197, 0x0000000000000020, 96, mtp-greedy#3
2026/05/27 20:09:45.051, 85, 84.33, 2424, 0x0000000000000000, 96, mtp-greedy#3
2026/05/27 20:09:46.052, 84, 82.23, 2327, 0x0000000000000020, 96, mtp-greedy#3
2026/05/27 20:09:47.052, 83, 84.14, 2307, 0x0000000000000020, 96, mtp-greedy#3
2026/05/27 20:09:48.053, 83, 82.00, 2450, 0x0000000000000020, 96, mtp-greedy#3
2026/05/27 20:09:49.053, 82, 85.14, 2418, 0x0000000000000000, 96, mtp-greedy#3
2026/05/27 20:09:50.054, 86, 85.40, 2301, 0x0000000000000020, 96, mtp-greedy#3
2026/05/27 20:09:51.055, 83, 78.26, 2262, 0x0000000000000020, 96, mtp-greedy#3
2026/05/27 20:09:52.056, 79, 83.52, 2431, 0x0000000000000020, 96, mtp-greedy#3
2026/05/27 20:09:53.057, 82, 85.22, 2450, 0x0000000000000000, 96, mtp-greedy#3
2026/05/27 20:09:54.057, 85, 85.35, 2385, 0x0000000000000020, 96, mtp-greedy#3
2026/05/27 20:09:55.058, 84, 82.71, 2223, 0x0000000000000000, 96, mtp-greedy#3
2026/05/27 20:09:56.059, 84, 83.04, 2249, 0x0000000000000000, 96, mtp-greedy#3
2026/05/27 20:09:57.060, 83, 82.00, 2307, 0x0000000000000020, 96, mtp-greedy#3
2026/05/27 20:09:58.061, 83, 83.38, 2268, 0x0000000000000000, 96, mtp-greedy#3
2026/05/27 20:09:59.061, 83, 85.33, 2275, 0x0000000000000020, 96, mtp-greedy#3
2026/05/27 20:10:00.062, 84, 84.49, 2418, 0x0000000000000000, 96, mtp-greedy#3
2026/05/27 20:10:01.063, 83, 86.00, 2424, 0x0000000000000020, 96, mtp-greedy#3
2026/05/27 20:10:02.063, 84, 79.96, 2223, 0x0000000000000000, 96, mtp-greedy#3
2026/05/27 20:10:03.064, 83, 84.46, 2236, 0x0000000000000000, 96, mtp-greedy#3
2026/05/27 20:10:04.065, 86, 79.21, 2268, 0x0000000000000000, 96, mtp-greedy#3
2026/05/27 20:10:05.066, 83, 85.86, 2431, 0x0000000000000000, 96, mtp-greedy#3
2026/05/27 20:10:06.066, 84, 81.72, 2411, 0x0000000000000000, 96, mtp-greedy#3
2026/05/27 20:10:07.067, 83, 86.09, 2424, 0x000000000000004C, 96, mtp-greedy#3
2026/05/27 20:10:08.067, 81, 84.09, 2372, 0x0000000000000000, 96, mtp-greedy#3
2026/05/27 20:10:09.068, 86, 86.22, 2411, 0x0000000000000020, 96, mtp-greedy#3
2026/05/27 20:10:10.069, 87, 80.23, 2249, 0x0000000000000000, 96, mtp-greedy#3
2026/05/27 20:10:11.069, 83, 81.14, 2327, 0x0000000000000020, 96, mtp-greedy#3
2026/05/27 20:10:12.070, 83, 83.35, 2236, 0x0000000000000000, 96, mtp-greedy#3
2026/05/27 20:10:13.071, 80, 79.96, 2346, 0x0000000000000004, 96, mtp-greedy#3
2026/05/27 20:10:14.072, 84, 85.79, 2437, 0x0000000000000000, 96, mtp-greedy#3
2026/05/27 20:10:15.073, 79, 82.43, 2242, 0x0000000000000000, 96, mtp-greedy#3
2026/05/27 20:10:16.073, 87, 83.60, 2249, 0x0000000000000000, 96, mtp-greedy#3
2026/05/27 20:10:17.074, 81, 80.60, 2398, 0x0000000000000000, 96, mtp-greedy#3
2026/05/27 20:10:18.075, 86, 86.43, 2379, 0x0000000000000020, 96, mtp-greedy#3
2026/05/27 20:10:19.075, 83, 82.68, 2281, 0x0000000000000020, 96, mtp-greedy#3
2026/05/27 20:10:20.076, 84, 83.64, 2424, 0x0000000000000020, 96, mtp-greedy#3
2026/05/27 20:10:21.076, 83, 83.73, 2398, 0x0000000000000020, 96, mtp-greedy#3
2026/05/27 20:10:22.076, 77, 54.19, 2496, 0x0000000000000000, 93, mtp-greedy#3
2026/05/27 20:10:23.077, 74, 46.31, 2496, 0x0000000000000000, 64, mtp-greedy#3
2026/05/27 20:10:24.078, 72, 16.99, 2405, 0x0000000000000000, 0, mtp-sample#1
2026/05/27 20:10:25.079, 70, 16.20, 2405, 0x0000000000000000, 0, mtp-sample#1
2026/05/27 20:10:26.079, 70, 15.44, 2405, 0x0000000000000000, 0, mtp-sample#1
2026/05/27 20:10:27.080, 69, 15.35, 2405, 0x0000000000000000, 0, mtp-sample#1
2026/05/27 20:10:28.081, 69, 15.50, 2405, 0x0000000000000000, 37, mtp-sample#1
2026/05/27 20:10:29.082, 82, 61.77, 2450, 0x0000000000000000, 96, mtp-sample#1
2026/05/27 20:10:30.083, 81, 91.24, 2431, 0x0000000000000000, 96, mtp-sample#1
2026/05/27 20:10:31.084, 79, 89.89, 2444, 0x0000000000000000, 96, mtp-sample#1
2026/05/27 20:10:32.084, 80, 90.51, 2437, 0x0000000000000000, 96, mtp-sample#1
2026/05/27 20:10:33.085, 85, 92.02, 2431, 0x0000000000000000, 96, mtp-sample#1
2026/05/27 20:10:34.086, 82, 90.80, 2418, 0x0000000000000000, 96, mtp-sample#1
2026/05/27 20:10:35.087, 82, 86.44, 2444, 0x0000000000000000, 96, mtp-sample#1
2026/05/27 20:10:36.088, 85, 90.59, 2424, 0x0000000000000000, 96, mtp-sample#1
2026/05/27 20:10:37.089, 81, 89.54, 2437, 0x0000000000000000, 96, mtp-sample#1
2026/05/27 20:10:38.089, 84, 91.19, 2437, 0x0000000000000000, 96, mtp-sample#1
2026/05/27 20:10:39.090, 76, 70.62, 2476, 0x0000000000000000, 88, mtp-sample#1
2026/05/27 20:10:40.090, 75, 46.67, 2496, 0x0000000000000000, 87, mtp-sample#1
2026/05/27 20:10:41.091, 86, 69.81, 2444, 0x0000000000000000, 96, mtp-sample#1
2026/05/27 20:10:42.091, 82, 91.07, 2437, 0x0000000000000000, 96, mtp-sample#1
2026/05/27 20:10:43.092, 80, 90.22, 2431, 0x0000000000000020, 96, mtp-sample#1
2026/05/27 20:10:44.093, 80, 89.55, 2411, 0x0000000000000020, 96, mtp-sample#1
2026/05/27 20:10:45.093, 79, 87.58, 2431, 0x0000000000000000, 96, mtp-sample#1
2026/05/27 20:10:46.094, 80, 91.04, 2418, 0x0000000000000000, 96, mtp-sample#1
2026/05/27 20:10:47.095, 83, 85.98, 2431, 0x0000000000000020, 96, mtp-sample#1
2026/05/27 20:10:48.096, 84, 88.89, 2431, 0x0000000000000020, 96, mtp-sample#1
2026/05/27 20:10:49.097, 81, 86.57, 2424, 0x0000000000000020, 96, mtp-sample#1
2026/05/27 20:10:50.097, 85, 86.64, 2431, 0x0000000000000000, 96, mtp-sample#1
2026/05/27 20:10:51.098, 86, 82.58, 2424, 0x0000000000000000, 96, mtp-sample#1
2026/05/27 20:10:52.099, 76, 52.84, 2489, 0x0000000000000000, 87, mtp-sample#1
2026/05/27 20:10:53.100, 85, 53.22, 2483, 0x0000000000000000, 96, mtp-sample#1
2026/05/27 20:10:54.100, 86, 88.69, 2405, 0x0000000000000000, 96, mtp-sample#1
2026/05/27 20:10:55.101, 79, 86.89, 2431, 0x0000000000000020, 96, mtp-sample#1
2026/05/27 20:10:56.102, 84, 91.57, 2431, 0x0000000000000000, 96, mtp-sample#1
2026/05/27 20:10:57.103, 86, 86.82, 2431, 0x0000000000000000, 96, mtp-sample#1
2026/05/27 20:10:58.103, 86, 86.20, 2398, 0x0000000000000000, 96, mtp-sample#1
2026/05/27 20:10:59.104, 81, 86.19, 2437, 0x0000000000000048, 96, mtp-sample#1
2026/05/27 20:11:00.105, 83, 86.80, 2327, 0x0000000000000000, 96, mtp-sample#1
2026/05/27 20:11:01.106, 83, 88.71, 2418, 0x0000000000000020, 96, mtp-sample#1
2026/05/27 20:11:02.106, 85, 88.00, 2431, 0x0000000000000000, 96, mtp-sample#1
2026/05/27 20:11:03.107, 86, 88.41, 2242, 0x0000000000000000, 96, mtp-sample#1
2026/05/27 20:11:04.107, 82, 85.83, 2242, 0x0000000000000000, 96, mtp-sample#1
2026/05/27 20:11:05.108, 83, 85.53, 2437, 0x0000000000000000, 96, mtp-sample#1
2026/05/27 20:11:06.109, 84, 84.94, 2437, 0x0000000000000000, 96, mtp-sample#1
2026/05/27 20:11:07.110, 82, 85.10, 2366, 0x0000000000000020, 96, mtp-sample#1
2026/05/27 20:11:08.110, 86, 87.18, 2379, 0x0000000000000000, 96, mtp-sample#1
2026/05/27 20:11:09.111, 80, 88.14, 2379, 0x0000000000000000, 96, mtp-sample#1
2026/05/27 20:11:10.111, 82, 85.25, 2229, 0x0000000000000000, 96, mtp-sample#1
2026/05/27 20:11:11.112, 84, 86.53, 2119, 0x0000000000000000, 96, mtp-sample#1
2026/05/27 20:11:12.113, 86, 86.80, 2424, 0x0000000000000000, 96, mtp-sample#1
2026/05/27 20:11:13.114, 80, 79.52, 2405, 0x0000000000000020, 96, mtp-sample#1
2026/05/27 20:11:14.115, 82, 87.94, 2444, 0x0000000000000048, 96, mtp-sample#1
2026/05/27 20:11:15.115, 83, 87.61, 2431, 0x0000000000000000, 96, mtp-sample#1
2026/05/27 20:11:16.116, 76, 56.47, 2489, 0x0000000000000000, 87, mtp-sample#1
2026/05/27 20:11:17.117, 77, 47.29, 2489, 0x0000000000000000, 92, mtp-sample#1
2026/05/27 20:11:18.117, 80, 77.88, 2190, 0x0000000000000048, 96, mtp-sample#1
2026/05/27 20:11:19.118, 82, 87.71, 2437, 0x0000000000000020, 96, mtp-sample#1
2026/05/27 20:11:20.118, 84, 87.99, 2424, 0x0000000000000004, 96, mtp-sample#1
2026/05/27 20:11:21.119, 86, 84.20, 2418, 0x0000000000000020, 96, mtp-sample#1
2026/05/27 20:11:22.120, 81, 88.80, 2431, 0x0000000000000000, 96, mtp-sample#1
2026/05/27 20:11:23.120, 83, 84.58, 2398, 0x0000000000000000, 96, mtp-sample#1
2026/05/27 20:11:24.121, 84, 86.43, 2236, 0x0000000000000000, 96, mtp-sample#1
2026/05/27 20:11:25.122, 84, 84.86, 2145, 0x0000000000000000, 96, mtp-sample#1
2026/05/27 20:11:26.123, 79, 83.55, 2450, 0x0000000000000020, 96, mtp-sample#1
2026/05/27 20:11:27.124, 87, 85.72, 2424, 0x0000000000000000, 96, mtp-sample#1
2026/05/27 20:11:28.125, 84, 85.18, 2288, 0x0000000000000000, 96, mtp-sample#1
2026/05/27 20:11:29.125, 87, 84.89, 2249, 0x0000000000000000, 96, mtp-sample#1
2026/05/27 20:11:30.126, 84, 83.81, 2431, 0x0000000000000020, 96, mtp-sample#1
2026/05/27 20:11:31.126, 81, 85.91, 2418, 0x0000000000000048, 96, mtp-sample#1
2026/05/27 20:11:32.127, 84, 89.24, 2450, 0x0000000000000020, 96, mtp-sample#1
2026/05/27 20:11:33.127, 80, 86.83, 2411, 0x0000000000000020, 96, mtp-sample#1
2026/05/27 20:11:34.129, 84, 85.81, 2249, 0x0000000000000000, 96, mtp-sample#1
2026/05/27 20:11:35.129, 86, 82.55, 2457, 0x0000000000000020, 96, mtp-sample#1
2026/05/27 20:11:36.130, 81, 87.95, 2411, 0x0000000000000000, 96, mtp-sample#1
2026/05/27 20:11:37.130, 83, 87.76, 2418, 0x0000000000000020, 96, mtp-sample#1
2026/05/27 20:11:38.131, 87, 79.75, 2268, 0x0000000000000000, 96, mtp-sample#1
2026/05/27 20:11:39.131, 83, 83.90, 2229, 0x0000000000000000, 96, mtp-sample#1
2026/05/27 20:11:40.132, 81, 82.79, 2398, 0x0000000000000020, 96, mtp-sample#1
2026/05/27 20:11:41.133, 86, 84.91, 2437, 0x0000000000000000, 96, mtp-sample#1
2026/05/27 20:11:42.134, 86, 80.94, 2275, 0x0000000000000000, 96, mtp-sample#1
2026/05/27 20:11:43.135, 83, 82.80, 2457, 0x0000000000000048, 96, mtp-sample#1
2026/05/27 20:11:44.136, 83, 85.71, 2431, 0x0000000000000020, 96, mtp-sample#1
2026/05/27 20:11:45.137, 81, 81.79, 2275, 0x0000000000000000, 96, mtp-sample#1
2026/05/27 20:11:46.137, 86, 84.44, 2444, 0x0000000000000004, 96, mtp-sample#1
2026/05/27 20:11:47.138, 81, 83.46, 2437, 0x0000000000000000, 96, mtp-sample#1
2026/05/27 20:11:48.138, 85, 86.61, 2398, 0x0000000000000020, 96, mtp-sample#1
2026/05/27 20:11:49.139, 83, 75.73, 1703, 0x0000000000000000, 96, mtp-sample#1
2026/05/27 20:11:50.140, 83, 79.92, 2424, 0x0000000000000000, 96, mtp-sample#1
2026/05/27 20:11:51.141, 84, 85.75, 2405, 0x0000000000000000, 96, mtp-sample#1
2026/05/27 20:11:52.141, 80, 83.12, 2379, 0x0000000000000000, 96, mtp-sample#1
2026/05/27 20:11:53.142, 86, 83.61, 2457, 0x0000000000000020, 96, mtp-sample#1
2026/05/27 20:11:54.143, 86, 86.68, 2424, 0x0000000000000020, 96, mtp-sample#1
2026/05/27 20:11:55.144, 84, 82.88, 2288, 0x0000000000000048, 96, mtp-sample#1
2026/05/27 20:11:56.144, 83, 81.70, 2411, 0x0000000000000000, 96, mtp-sample#1
2026/05/27 20:11:57.145, 82, 85.91, 2411, 0x0000000000000020, 96, mtp-sample#1
2026/05/27 20:11:58.145, 85, 81.09, 2444, 0x0000000000000020, 96, mtp-sample#1
2026/05/27 20:11:59.146, 83, 84.88, 2437, 0x0000000000000020, 96, mtp-sample#1
2026/05/27 20:12:00.147, 81, 83.84, 2424, 0x0000000000000000, 96, mtp-sample#1
2026/05/27 20:12:01.147, 83, 86.07, 2411, 0x0000000000000004, 96, mtp-sample#1
2026/05/27 20:12:02.148, 83, 81.21, 2275, 0x0000000000000020, 96, mtp-sample#1
2026/05/27 20:12:03.148, 78, 85.24, 2424, 0x0000000000000000, 96, mtp-sample#1
2026/05/27 20:12:04.149, 84, 86.38, 2405, 0x0000000000000000, 96, mtp-sample#1
2026/05/27 20:12:05.149, 84, 85.94, 2411, 0x0000000000000020, 96, mtp-sample#1
2026/05/27 20:12:06.149, 77, 58.89, 2496, 0x0000000000000000, 87, mtp-sample#1
2026/05/27 20:12:07.150, 77, 47.18, 2489, 0x0000000000000000, 93, mtp-sample#1
2026/05/27 20:12:08.150, 72, 27.07, 2411, 0x0000000000000000, 8, mtp-sample#2
2026/05/27 20:12:09.151, 71, 17.00, 2405, 0x0000000000000000, 0, mtp-sample#2
2026/05/27 20:12:10.151, 70, 15.58, 2405, 0x0000000000000000, 0, mtp-sample#2
2026/05/27 20:12:11.152, 69, 15.34, 2405, 0x0000000000000000, 0, mtp-sample#2
2026/05/27 20:12:12.153, 69, 15.24, 2405, 0x0000000000000000, 0, mtp-sample#2
2026/05/27 20:12:13.153, 79, 32.46, 2431, 0x0000000000000000, 96, mtp-sample#2
2026/05/27 20:12:14.154, 77, 90.17, 2437, 0x0000000000000000, 96, mtp-sample#2
2026/05/27 20:12:15.155, 77, 93.21, 2437, 0x0000000000000000, 96, mtp-sample#2
2026/05/27 20:12:16.155, 83, 90.53, 2424, 0x0000000000000000, 96, mtp-sample#2
2026/05/27 20:12:17.156, 82, 90.75, 2424, 0x0000000000000000, 96, mtp-sample#2
2026/05/27 20:12:18.157, 76, 87.63, 2424, 0x0000000000000000, 70, mtp-sample#2
2026/05/27 20:12:19.158, 85, 89.34, 2424, 0x0000000000000000, 96, mtp-sample#2
2026/05/27 20:12:20.159, 82, 90.24, 2431, 0x0000000000000000, 96, mtp-sample#2
2026/05/27 20:12:21.159, 85, 91.08, 2437, 0x0000000000000000, 96, mtp-sample#2
2026/05/27 20:12:22.159, 83, 89.72, 2424, 0x0000000000000000, 96, mtp-sample#2
2026/05/27 20:12:23.160, 83, 84.58, 2320, 0x0000000000000000, 96, mtp-sample#2
2026/05/27 20:12:24.161, 75, 45.94, 2489, 0x0000000000000000, 90, mtp-sample#2
2026/05/27 20:12:25.162, 84, 55.36, 2489, 0x0000000000000000, 96, mtp-sample#2
2026/05/27 20:12:26.163, 84, 91.17, 2431, 0x0000000000000000, 96, mtp-sample#2
2026/05/27 20:12:27.163, 83, 90.85, 2437, 0x0000000000000000, 96, mtp-sample#2
2026/05/27 20:12:28.164, 83, 91.65, 2431, 0x0000000000000000, 96, mtp-sample#2
2026/05/27 20:12:29.165, 83, 89.56, 2236, 0x0000000000000020, 96, mtp-sample#2
2026/05/27 20:12:30.165, 83, 87.23, 2307, 0x0000000000000020, 96, mtp-sample#2
2026/05/27 20:12:31.166, 83, 84.67, 2236, 0x0000000000000020, 96, mtp-sample#2
2026/05/27 20:12:32.167, 83, 86.93, 2366, 0x0000000000000020, 96, mtp-sample#2
2026/05/27 20:12:33.168, 84, 89.45, 2444, 0x0000000000000000, 96, mtp-sample#2
2026/05/27 20:12:34.168, 84, 86.31, 2210, 0x0000000000000000, 96, mtp-sample#2
2026/05/27 20:12:35.169, 85, 86.90, 2255, 0x0000000000000020, 96, mtp-sample#2
2026/05/27 20:12:36.170, 76, 65.12, 2483, 0x0000000000000000, 90, mtp-sample#2
2026/05/27 20:12:37.171, 76, 46.69, 2489, 0x0000000000000000, 87, mtp-sample#2
2026/05/27 20:12:38.171, 86, 82.50, 2411, 0x0000000000000000, 96, mtp-sample#2
2026/05/27 20:12:39.172, 86, 87.11, 2424, 0x0000000000000000, 96, mtp-sample#2
2026/05/27 20:12:40.173, 81, 87.54, 2385, 0x0000000000000000, 96, mtp-sample#2
2026/05/27 20:12:41.173, 82, 85.59, 2405, 0x0000000000000020, 96, mtp-sample#2
2026/05/27 20:12:42.174, 86, 86.39, 2262, 0x0000000000000000, 96, mtp-sample#2
2026/05/27 20:12:43.175, 81, 84.85, 2353, 0x0000000000000020, 96, mtp-sample#2
2026/05/27 20:12:44.175, 84, 85.03, 2431, 0x0000000000000020, 96, mtp-sample#2
2026/05/27 20:12:45.176, 86, 87.25, 2405, 0x0000000000000000, 96, mtp-sample#2
2026/05/27 20:12:46.177, 86, 82.50, 2437, 0x0000000000000000, 96, mtp-sample#2
2026/05/27 20:12:47.178, 81, 86.40, 2418, 0x0000000000000000, 96, mtp-sample#2
2026/05/27 20:12:48.179, 85, 83.16, 2268, 0x0000000000000000, 96, mtp-sample#2
2026/05/27 20:12:49.179, 83, 79.16, 2372, 0x0000000000000020, 96, mtp-sample#2
2026/05/27 20:12:50.180, 87, 88.39, 2431, 0x0000000000000000, 96, mtp-sample#2
2026/05/27 20:12:51.181, 83, 87.77, 2437, 0x0000000000000068, 96, mtp-sample#2
2026/05/27 20:12:52.181, 85, 86.90, 2411, 0x0000000000000020, 96, mtp-sample#2
2026/05/27 20:12:53.181, 85, 84.53, 2236, 0x0000000000000000, 96, mtp-sample#2
2026/05/27 20:12:54.182, 83, 85.48, 2268, 0x0000000000000020, 96, mtp-sample#2
2026/05/27 20:12:55.183, 86, 84.60, 2216, 0x0000000000000020, 96, mtp-sample#2
2026/05/27 20:12:56.183, 81, 82.32, 2424, 0x0000000000000020, 96, mtp-sample#2
2026/05/27 20:12:57.184, 81, 86.67, 2450, 0x0000000000000000, 96, mtp-sample#2
2026/05/27 20:12:58.185, 84, 85.27, 2424, 0x0000000000000000, 96, mtp-sample#2
2026/05/27 20:12:59.185, 84, 85.66, 2353, 0x0000000000000000, 96, mtp-sample#2
2026/05/27 20:13:00.186, 82, 78.00, 2333, 0x0000000000000000, 96, mtp-sample#2
2026/05/27 20:13:01.186, 77, 46.36, 2489, 0x0000000000000000, 91, mtp-sample#2
2026/05/27 20:13:02.187, 81, 59.54, 2463, 0x0000000000000000, 96, mtp-sample#2
2026/05/27 20:13:03.188, 84, 89.18, 2424, 0x0000000000000000, 96, mtp-sample#2
2026/05/27 20:13:04.188, 86, 85.66, 2437, 0x0000000000000020, 96, mtp-sample#2
2026/05/27 20:13:05.189, 83, 83.75, 2366, 0x0000000000000000, 96, mtp-sample#2
2026/05/27 20:13:06.190, 83, 83.17, 2372, 0x0000000000000020, 96, mtp-sample#2
2026/05/27 20:13:07.190, 83, 87.53, 2307, 0x0000000000000020, 96, mtp-sample#2
2026/05/27 20:13:08.190, 81, 86.25, 2236, 0x0000000000000000, 96, mtp-sample#2
2026/05/27 20:13:09.191, 84, 87.36, 2450, 0x0000000000000000, 96, mtp-sample#2
2026/05/27 20:13:10.192, 84, 81.20, 2398, 0x0000000000000004, 96, mtp-sample#2
2026/05/27 20:13:11.193, 83, 82.75, 2392, 0x0000000000000000, 96, mtp-sample#2
2026/05/27 20:13:12.193, 84, 86.47, 2424, 0x0000000000000000, 96, mtp-sample#2
2026/05/27 20:13:13.194, 86, 85.98, 2236, 0x0000000000000000, 96, mtp-sample#2
2026/05/27 20:13:14.195, 86, 83.41, 2424, 0x0000000000000000, 96, mtp-sample#2
2026/05/27 20:13:15.196, 81, 84.17, 2437, 0x0000000000000048, 96, mtp-sample#2
2026/05/27 20:13:16.196, 86, 81.52, 2366, 0x0000000000000000, 96, mtp-sample#2
2026/05/27 20:13:17.197, 81, 84.11, 2379, 0x0000000000000000, 96, mtp-sample#2
2026/05/27 20:13:18.197, 85, 86.77, 2418, 0x0000000000000020, 96, mtp-sample#2
2026/05/27 20:13:19.198, 83, 82.72, 2411, 0x0000000000000000, 96, mtp-sample#2
2026/05/27 20:13:20.199, 86, 88.59, 2431, 0x0000000000000048, 96, mtp-sample#2
2026/05/27 20:13:21.200, 87, 85.49, 2359, 0x0000000000000020, 96, mtp-sample#2
2026/05/27 20:13:22.200, 84, 83.06, 2242, 0x0000000000000020, 96, mtp-sample#2
2026/05/27 20:13:23.201, 84, 87.86, 2444, 0x0000000000000020, 96, mtp-sample#2
2026/05/27 20:13:24.202, 86, 85.19, 2411, 0x0000000000000000, 96, mtp-sample#2
2026/05/27 20:13:25.202, 81, 83.12, 2431, 0x0000000000000000, 96, mtp-sample#2
2026/05/27 20:13:26.203, 84, 86.39, 2236, 0x0000000000000000, 96, mtp-sample#2
2026/05/27 20:13:27.204, 78, 82.68, 2353, 0x0000000000000000, 96, mtp-sample#2
2026/05/27 20:13:28.204, 81, 87.39, 2437, 0x0000000000000000, 96, mtp-sample#2
2026/05/27 20:13:29.205, 86, 81.16, 2262, 0x0000000000000000, 96, mtp-sample#2
2026/05/27 20:13:30.206, 83, 82.24, 2307, 0x0000000000000020, 96, mtp-sample#2
2026/05/27 20:13:31.207, 82, 84.94, 2437, 0x0000000000000020, 96, mtp-sample#2
2026/05/27 20:13:32.208, 83, 82.05, 2275, 0x0000000000000000, 96, mtp-sample#2
2026/05/27 20:13:33.208, 87, 86.06, 2125, 0x0000000000000048, 96, mtp-sample#2
2026/05/27 20:13:34.209, 81, 80.51, 2437, 0x0000000000000020, 96, mtp-sample#2
2026/05/27 20:13:35.210, 82, 85.15, 2431, 0x0000000000000000, 96, mtp-sample#2
2026/05/27 20:13:36.210, 81, 86.54, 2359, 0x0000000000000000, 96, mtp-sample#2
2026/05/27 20:13:37.211, 86, 85.64, 2242, 0x0000000000000000, 96, mtp-sample#2
2026/05/27 20:13:38.212, 80, 83.75, 2437, 0x0000000000000020, 96, mtp-sample#2
2026/05/27 20:13:39.212, 82, 85.53, 2262, 0x0000000000000020, 96, mtp-sample#2
2026/05/27 20:13:40.212, 83, 82.41, 2275, 0x0000000000000000, 96, mtp-sample#2
2026/05/27 20:13:41.212, 80, 84.04, 2437, 0x0000000000000020, 96, mtp-sample#2
2026/05/27 20:13:42.212, 81, 86.50, 2398, 0x0000000000000000, 96, mtp-sample#2
2026/05/27 20:13:43.213, 85, 85.75, 2223, 0x0000000000000020, 96, mtp-sample#2
2026/05/27 20:13:44.213, 84, 82.01, 2431, 0x0000000000000000, 96, mtp-sample#2
2026/05/27 20:13:45.213, 83, 84.24, 2431, 0x0000000000000000, 96, mtp-sample#2
2026/05/27 20:13:46.213, 83, 86.49, 2197, 0x0000000000000000, 96, mtp-sample#2
2026/05/27 20:13:47.214, 84, 81.61, 2405, 0x0000000000000000, 96, mtp-sample#2
2026/05/27 20:13:48.214, 86, 78.07, 2431, 0x0000000000000000, 96, mtp-sample#2
2026/05/27 20:13:49.215, 83, 84.55, 2236, 0x0000000000000020, 96, mtp-sample#2
2026/05/27 20:13:50.215, 78, 79.92, 2262, 0x0000000000000000, 81, mtp-sample#2
2026/05/27 20:13:51.216, 77, 44.42, 2489, 0x0000000000000000, 91, mtp-sample#2
2026/05/27 20:13:52.216, 74, 45.58, 2496, 0x0000000000000000, 52, mtp-sample#2
2026/05/27 20:13:53.217, 71, 16.91, 2405, 0x0000000000000000, 0, mtp-sample#3
2026/05/27 20:13:54.217, 70, 16.05, 2405, 0x0000000000000000, 0, mtp-sample#3
2026/05/27 20:13:55.217, 69, 15.36, 2405, 0x0000000000000000, 0, mtp-sample#3
2026/05/27 20:13:56.218, 69, 15.16, 2405, 0x0000000000000000, 0, mtp-sample#3
2026/05/27 20:13:57.219, 68, 15.47, 2405, 0x0000000000000000, 27, mtp-sample#3
2026/05/27 20:13:58.220, 80, 66.08, 2444, 0x0000000000000000, 96, mtp-sample#3
2026/05/27 20:13:59.220, 80, 90.04, 2431, 0x0000000000000000, 96, mtp-sample#3
2026/05/27 20:14:00.221, 84, 91.31, 2424, 0x0000000000000000, 96, mtp-sample#3
2026/05/27 20:14:01.222, 82, 91.58, 2431, 0x0000000000000000, 96, mtp-sample#3
                                                                                                                                                                                                                                                                                 